{
    "loss": 26.420482635498047,
    "accuracy": 0.3076923191547394
}