{
    "loss": 23.267791748046875,
    "accuracy": 0.692307710647583
}